{
  "dependencies": {
    "mssql1": {
      "type": "mssql.local",
      "connectionId": "ConnectionStrings:DefaultConnection"
    },
    "secrets1": {
      "type": "secrets.user"
    },
    "storage1": {
      "resourceId": "/subscriptions/[parameters('subscriptionId')]/resourceGroups/[parameters('resourceGroupName')]/providers/Microsoft.Storage/storageAccounts/photosharesitestorage",
      "type": "storage.azure",
      "connectionId": "StorageConnectionString",
      "secretStore": "LocalSecretsFile"
    }
  }
}