{
  "dependencies": {
    "mssql1": {
      "resourceId": "/subscriptions/[parameters('subscriptionId')]/resourcegroups/[parameters('resourceGroupName')]/providers/Microsoft.Sql/servers/photosharesitedbserver/databases/PhotoShareSite_db",
      "type": "mssql.azure",
      "connectionId": "ConnectionStrings:DefaultConnection",
      "secretStore": "AzureAppSettings"
    },
    "storage1": {
      "resourceId": "/subscriptions/[parameters('subscriptionId')]/resourcegroups/[parameters('resourceGroupName')]/providers/Microsoft.Storage/storageAccounts/photosharesitestorage",
      "type": "storage.azure",
      "connectionId": "StorageConnectionString",
      "secretStore": "AzureAppSettings"
    }
  }
}